{"cameraMode":{"drawMode":0,"name":"Shaded","section":"Shading Mode"},"sceneLighting":true,"audioPlay":false,"sceneViewState":{"showFog":true,"showMaterialUpdate":false,"showSkybox":true,"showFlares":true,"showImageEffects":true,"showParticleSystems":true},"in2DMode":false,"pivot":{"x":-7.024166107177734,"y":-6.5238494873046879,"z":44.10319137573242},"rotation":{"x":-0.08385314047336579,"y":0.09164147078990936,"z":-0.007744551636278629,"w":-0.9922310709953308},"size":24.748750686645509,"orthographic":false}